Type,Name,Request Count,Failure Count,Median Response Time,Average Response Time,Min Response Time,Max Response Time,Average Content Size,Requests/s,Failures/s,50%,66%,75%,80%,90%,95%,98%,99%,99.9%,99.99%,100%
POST,Ask Question,16,5,18000.0,18199.829349992797,953.5967998672277,41597.31419989839,2368.6875,0.14856654785775897,0.04642704620554968,20000,22000,25000,25000,29000,42000,42000,42000,42000,42000,42000
GET,Health Check,22,1,12000.0,16386.096600009212,1.968099968507886,44986.61020002328,108.81818181818181,0.2042790033044186,0.009285409241109936,17000,20000,28000,30000,37000,38000,45000,45000,45000,45000,45000
POST,Query Question,13,2,19000.0,16779.90783079384,2491.1630998831242,25883.999900193885,2834.923076923077,0.12071032013442917,0.01857081848221987,19000,20000,21000,22000,23000,26000,26000,26000,26000,26000,26000
GET,Root Endpoint,11,2,17000.0,15323.14909090796,6620.92739995569,20598.246600013226,211.9090909090909,0.1021395016522093,0.01857081848221987,17000,19000,20000,20000,20000,21000,21000,21000,21000,21000,21000
,Aggregated,62,10,18000.0,16748.142525812822,1.968099968507886,44986.61020002328,1281.9032258064517,0.575695372948816,0.09285409241109936,18000,20000,21000,23000,29000,37000,42000,45000,45000,45000,45000
